
INSERT INTO `institution_type`(`institution_type_id`,`institution_type_name`) VALUES 
(1,'NIBSS'),
(2,'BANK'),
(3,'THIRD PARTY');

INSERT INTO institution (`institution_id`, `institution_code`, `institution_name`, `institution_type`, `flag`,`institution_type_id`) 
	VALUES (1, '999', 'NIBSS', 1, 'E',1);
INSERT INTO institution (`institution_id`, `institution_code`, `institution_name`, `institution_type`, `flag`,`institution_type_id`) 
	VALUES (2, '044', 'ACCESS BANK PLC', 2, 'E',2);
INSERT INTO institution (`institution_id`, `institution_code`, `institution_name`, `institution_type`, `flag`,`institution_type_id`) 
	VALUES (3, '014', 'MAINSTREET BANK PLC', 2, 'E',2);
INSERT INTO institution (`institution_id`, `institution_code`, `institution_name`, `institution_type`, `flag`,`institution_type_id`) 
	VALUES (4, '082', 'KEYSTONE BANK PLC', 2, 'E',2);
INSERT INTO institution (`institution_id`, `institution_code`, `institution_name`, `institution_type`, `flag`,`institution_type_id`) 
	VALUES (5, '063', 'DIAMOND BANK PLC', 2, 'E',2);
INSERT INTO institution (`institution_id`, `institution_code`, `institution_name`, `institution_type`, `flag`,`institution_type_id`) 
	VALUES (6, '050', 'ECOBANK NIGERIA PLC', 2, 'E',2);
INSERT INTO institution (`institution_id`, `institution_code`, `institution_name`, `institution_type`, `flag`,`institution_type_id`) 
	VALUES (7, '040', 'EQUITORIAL TRUST BANK LIMITED', 2, 'E',2);
INSERT INTO institution (`institution_id`, `institution_code`, `institution_name`, `institution_type`, `flag`,`institution_type_id`) 
	VALUES (8, '070', 'FIDELITY BANK PLC', 2, 'E',2);
INSERT INTO institution (`institution_id`, `institution_code`, `institution_name`, `institution_type`, `flag`,`institution_type_id`) 
	VALUES (9, '011', 'FIRST BANK OF NIGERIA PLC', 2, 'E',2);
INSERT INTO institution (`institution_id`, `institution_code`, `institution_name`, `institution_type`, `flag`,`institution_type_id`) 
	VALUES (10, '214', 'FIRST CITY MONUMENT BANK PLC', 2, 'E',2);
INSERT INTO institution (`institution_id`, `institution_code`, `institution_name`, `institution_type`, `flag`,`institution_type_id`) 
	VALUES (11, '085', 'FIRST INLAND BANK PLC', 2, 'E',2);
INSERT INTO institution (`institution_id`, `institution_code`, `institution_name`, `institution_type`, `flag`,`institution_type_id`) 
	VALUES (12, '058', 'GUARANTY TRUST BANK PLC', 2, 'E',2);
INSERT INTO institution (`institution_id`, `institution_code`, `institution_name`, `institution_type`, `flag`,`institution_type_id`) 
	VALUES (13, '221', 'STANBIC IBTC BANK PLC', 2, 'E',2);
INSERT INTO institution (`institution_id`, `institution_code`, `institution_name`, `institution_type`, `flag`,`institution_type_id`) 
	VALUES (14, '069', 'INTERCONTINENTAL BANK PLC', 2, 'E',2);
INSERT INTO institution (`institution_id`, `institution_code`, `institution_name`, `institution_type`, `flag`,`institution_type_id`) 
	VALUES (15, '023', 'CITI BANK', 2, 'E',2);
INSERT INTO institution (`institution_id`, `institution_code`, `institution_name`, `institution_type`, `flag`,`institution_type_id`) 
	VALUES (16, '056', 'OCEANIC BANK INTERNATIONAL PLC', 2, 'E',2);
INSERT INTO institution (`institution_id`, `institution_code`, `institution_name`, `institution_type`, `flag`,`institution_type_id`) 
	VALUES (17, '076', 'SKYE BANK PLC', 2, 'E',2);
INSERT INTO institution (`institution_id`, `institution_code`, `institution_name`, `institution_type`, `flag`,`institution_type_id`) 
	VALUES (18, '084', 'ENTERPRISE BANK PLC', 2, 'E',2);
INSERT INTO institution (`institution_id`, `institution_code`, `institution_name`, `institution_type`, `flag`,`institution_type_id`) 
	VALUES (19, '068', 'STANDARD CHARTERED BANK PLC', 2, 'E',2);
INSERT INTO institution (`institution_id`, `institution_code`, `institution_name`, `institution_type`, `flag`,`institution_type_id`) 
	VALUES (20, '232', 'STERLING BANK PLC', 2, 'E',2);
INSERT INTO institution (`institution_id`, `institution_code`, `institution_name`, `institution_type`, `flag`,`institution_type_id`) 
	VALUES (21, '032', 'UNION BANK OF NIGERIA PLC', 2, 'E',2);
INSERT INTO institution (`institution_id`, `institution_code`, `institution_name`, `institution_type`, `flag`,`institution_type_id`) 
	VALUES (22, '033', 'UNITED BANK FOR AFRICA PLC', 2, 'E',2);
INSERT INTO institution (`institution_id`, `institution_code`, `institution_name`, `institution_type`, `flag`,`institution_type_id`) 
	VALUES (23, '215', 'UNITY BANK PLC', 2, 'E',2);
INSERT INTO institution (`institution_id`, `institution_code`, `institution_name`, `institution_type`, `flag`,`institution_type_id`) 
	VALUES (24, '035', 'WEMA BANK PLC', 2, 'E',2);
INSERT INTO institution (`institution_id`, `institution_code`, `institution_name`, `institution_type`, `flag`,`institution_type_id`) 
	VALUES (25, '057', 'ZENITH INTERNATIONAL BANK PLC', 2, 'E',2);
INSERT INTO institution (`institution_id`, `institution_code`, `institution_name`, `institution_type`, `flag`,`institution_type_id`) 
	VALUES (26, '030', 'HERITAGE BANK', 2, 'E',2);
INSERT INTO institution (`institution_id`, `institution_code`, `institution_name`, `institution_type`, `flag`,`institution_type_id`) 
	VALUES (27, '233', 'JAIZ BANK', 2, 'E',2);


INSERT INTO institution (`institution_id`,`institution_name`, `flag`, `institution_code`, `institution_type`, `institution_type_id`) 
	VALUES (28,'Pagatech', 'E', '301', 3, 3);
INSERT INTO institution (`institution_id`,`institution_name`, `flag`, `institution_code`, `institution_type`, `institution_type_id`) 
	VALUES (29,'Eartholeum (Qik Qik)', 'E', '302', 3, 3);
INSERT INTO institution (`institution_id`,`institution_name`, `flag`, `institution_code`, `institution_type`, `institution_type_id`) 
	VALUES (30,'Kegow', 'E', '303', 3, 3);
INSERT INTO institution (`institution_id`,`institution_name`, `flag`, `institution_code`, `institution_type`, `institution_type_id`) 
	VALUES (31,'Stanbic Mobile', 'E', '304', 3, 3);
INSERT INTO institution (`institution_id`,`institution_name`, `flag`, `institution_code`, `institution_type`, `institution_type_id`) 
	VALUES (32,'Paycom', 'E', '305', 3, 3);
INSERT INTO institution (`institution_id`,`institution_name`, `flag`, `institution_code`, `institution_type`, `institution_type_id`) 
	VALUES (33,'E-Tranzact', 'E', '306', 3, 3);
INSERT INTO institution (`institution_id`,`institution_name`, `flag`, `institution_code`, `institution_type`, `institution_type_id`) 
	VALUES (34,'EcoMobile', 'E', '307', 3, 3);
INSERT INTO institution (`institution_id`,`institution_name`, `flag`, `institution_code`, `institution_type`, `institution_type_id`) 
	VALUES (35,'Fortis Mobile', 'E', '308', 3, 3);
INSERT INTO institution (`institution_id`,`institution_name`, `flag`, `institution_code`, `institution_type`, `institution_type_id`) 
	VALUES (36,'FBN M-money', 'E', '309', 3, 3);
INSERT INTO institution (`institution_id`,`institution_name`, `flag`, `institution_code`, `institution_type`, `institution_type_id`) 
	VALUES (37,'Corporetti', 'E', '310', 3, 3);
INSERT INTO institution (`institution_id`,`institution_name`, `flag`, `institution_code`, `institution_type`, `institution_type_id`) 
	VALUES (38,'Parkway (Ready Cash)', 'E', '311', 3, 3);
INSERT INTO institution (`institution_id`,`institution_name`, `flag`, `institution_code`, `institution_type`, `institution_type_id`) 
	VALUES (39,'Monetize', 'E', '312', 3, 3);
INSERT INTO institution (`institution_id`,`institution_name`, `flag`, `institution_code`, `institution_type`, `institution_type_id`) 
	VALUES (40,'M-Kudi', 'E', '313', 3, 3);
INSERT INTO institution (`institution_id`,`institution_name`, `flag`, `institution_code`, `institution_type`, `institution_type_id`) 
	VALUES (41,'Fets (My Wallet)', 'E', '314', 3, 3);
INSERT INTO institution (`institution_id`,`institution_name`, `flag`, `institution_code`, `institution_type`, `institution_type_id`) 
	VALUES (42,'GT Mobile Money', 'E', '315', 3, 3);

INSERT INTO institution (`institution_id`,`institution_name`, `flag`, `institution_code`, `institution_type`, `institution_type_id`) 
	VALUES (43,'U-MO', 'E', '316', 3, 3);
INSERT INTO institution (`institution_id`,`institution_name`, `flag`, `institution_code`, `institution_type`, `institution_type_id`) 
	VALUES (44,'Cellulant', 'E', '317', 3, 3);
INSERT INTO institution (`institution_id`,`institution_name`, `flag`, `institution_code`, `institution_type`, `institution_type_id`) 
	VALUES (45,'ASO Savings And Loans', 'E', '401', 3, 3);
INSERT INTO institution (`institution_id`,`institution_name`, `flag`, `institution_code`, `institution_type`, `institution_type_id`) 
	VALUES (46,'Teasy Mobile', 'E', '319', 3, 3);
INSERT INTO institution (`institution_id`,`institution_name`, `flag`, `institution_code`, `institution_type`, `institution_type_id`) 
	VALUES (47,'VTNetwork', 'E', '320', 3, 3);
INSERT INTO institution (`institution_id`,`institution_name`, `flag`, `institution_code`, `institution_type`, `institution_type_id`) 
	VALUES (48,'AccessMobile', 'E', '323', 3, 3);
INSERT INTO institution (`institution_id`,`institution_name`, `flag`, `institution_code`, `institution_type`, `institution_type_id`) 
	VALUES (49,'Hedonmark', 'E', '324', 3, 3);
INSERT INTO institution (`institution_id`,`institution_name`, `flag`, `institution_code`, `institution_type`, `institution_type_id`) 
	VALUES (50,'Zenith Mobile', 'E', '322', 3, 3);
INSERT INTO institution (`institution_id`,`institution_name`, `flag`, `institution_code`, `institution_type`, `institution_type_id`) 
	VALUES (51,'Fortis Microfinance Bank', 'E', '501', 3, 3);
INSERT INTO institution (`institution_id`,`institution_name`, `flag`, `institution_code`, `institution_type`, `institution_type_id`) 
	VALUES (52,'Fidelity Mobile', 'E', '318', 3, 3);
INSERT INTO institution (`institution_id`,`institution_name`, `flag`, `institution_code`, `institution_type`, `institution_type_id`) 
	VALUES (53,'Jubilee Life', 'E', '402', 3, 3);
INSERT INTO institution (`institution_id`,`institution_name`, `flag`, `institution_code`, `institution_type`, `institution_type_id`) 
	VALUES (54,'Moneybox', 'E', '325', 3, 3);
INSERT INTO institution (`institution_id`,`institution_name`, `flag`, `institution_code`, `institution_type`, `institution_type_id`) 
	VALUES (55,'Parrallex', 'E', '502', 3, 3);


INSERT INTO bank (`institution_id`,  `settlement_account_no`,  `bank_code`) 
	VALUES (2,  '4000470158', '044150000');
INSERT INTO bank (`institution_id`,  `settlement_account_no`,  `bank_code`) 
	VALUES (3,  '4000080138', '014150000');
INSERT INTO bank (`institution_id`,  `settlement_account_no`,  `bank_code`) 
	VALUES (4,  '4010270188',  '082150000');
INSERT INTO bank (`institution_id`,  `settlement_account_no`,  `bank_code`) 
	VALUES (5,  '4000630109',  '063150000');
INSERT INTO bank (`institution_id`,  `settlement_account_no`,  `bank_code`) 
	VALUES (6,  '4000460155',  '050150000');
INSERT INTO bank (`institution_id`,  `settlement_account_no`,  `bank_code`) 
	VALUES (7,  '4000490164',  '040150000');
INSERT INTO bank (`institution_id`,  `settlement_account_no`,  `bank_code`) 
	VALUES (8,  '4010160155',  '070150000');
INSERT INTO bank (`institution_id`,  `settlement_account_no`,  `bank_code`) 
	VALUES (9,  '4000070135',  '011150000');
INSERT INTO bank (`institution_id`,  `settlement_account_no`,  `bank_code`) 
	VALUES (10 , '4010100137',  '214150000');
INSERT INTO bank (`institution_id`,  `settlement_account_no`,  `bank_code`) 
	VALUES (11,  '4000370128', '085150003');
INSERT INTO bank (`institution_id`,  `settlement_account_no`,  `bank_code`) 
	VALUES (12,  '4000560185',  '058150000');
INSERT INTO bank (`institution_id`,  `settlement_account_no`,  `bank_code`) 
	VALUES (13,  '4010250182',  '221150000');
INSERT INTO bank (`institution_id`,  `settlement_account_no`,  `bank_code`) 
	VALUES (14,  '4010240179',  '069150000');
INSERT INTO bank (`institution_id`,  `settlement_account_no`,  `bank_code`) 
	VALUES (15,  '4000260192', '023150000');
INSERT INTO bank (`institution_id`,  `settlement_account_no`,  `bank_code`) 
	VALUES (16,  '4000530176',  '056150000');
INSERT INTO bank (`institution_id`,  `settlement_account_no`,  `bank_code`) 
	VALUES (17,  '4010350115',  '076150000');
INSERT INTO bank (`institution_id`,  `settlement_account_no`,  `bank_code`) 
	VALUES (18,  '4000720136',  '084150000');
INSERT INTO bank (`institution_id`,  `settlement_account_no`,  `bank_code`) 
	VALUES (19,  '4000710133',  '068150000');
INSERT INTO bank (`institution_id`,  `settlement_account_no`,  `bank_code`) 
	VALUES (20,  '4010030116',  '232150001');
INSERT INTO bank (`institution_id`,  `settlement_account_no`,  `bank_code`) 
	VALUES (21,  '4000090141',  '032150000');
INSERT INTO bank (`institution_id`,  `settlement_account_no`,  `bank_code`) 
	VALUES (22,  '4000120150',  '033150000');
INSERT INTO bank (`institution_id`,  `settlement_account_no`,  `bank_code`) 
	VALUES (23,  '4000410140',  '215150000');
INSERT INTO bank (`institution_id`,  `settlement_account_no`,  `bank_code`) 
	VALUES (24,  '4000020120',  '035150000');
INSERT INTO bank (`institution_id`,  `settlement_account_no`,  `bank_code`) 
	VALUES (25,  '4000540179',  '057150000');
INSERT INTO bank (`institution_id`,  `settlement_account_no`,  `bank_code`) 
	VALUES (26,  '4000015030',  '030150000');
INSERT INTO bank (`institution_id`,  `settlement_account_no`,  `bank_code`) 
	VALUES (27,  '4000015301', '233150000');


INSERT INTO nip_report.third_party (institution_id,  third_party_code,  settlement_bank) 
	VALUES (28,  '301',  5);
INSERT INTO nip_report.third_party (institution_id,  third_party_code,  settlement_bank) 
	VALUES (29,  '302',  17);
INSERT INTO nip_report.third_party (institution_id,  third_party_code,  settlement_bank) 
	VALUES (30,  '303',  24);
INSERT INTO nip_report.third_party (institution_id,  third_party_code,  settlement_bank) 
	VALUES (31,  '304',  13);
INSERT INTO nip_report.third_party (institution_id,  third_party_code,  settlement_bank) 
	VALUES (32,  '305',  20);
INSERT INTO nip_report.third_party (institution_id,  third_party_code,  settlement_bank) 
	VALUES (33,  '306',  25);
INSERT INTO nip_report.third_party (institution_id,  third_party_code,  settlement_bank) 
	VALUES (34,  '307',  6);
INSERT INTO nip_report.third_party (institution_id,  third_party_code,  settlement_bank) 
	VALUES (35,  '308' , 8);
INSERT INTO nip_report.third_party (institution_id,  third_party_code,  settlement_bank) 
	VALUES (36,  '309',  9);
INSERT INTO nip_report.third_party (institution_id,  third_party_code,  settlement_bank) 
	VALUES (37,  '310',  NULL);
INSERT INTO nip_report.third_party (institution_id,  third_party_code,  settlement_bank) 
	VALUES (38,  '311',  2);
INSERT INTO nip_report.third_party (institution_id,  third_party_code,  settlement_bank) 
	VALUES (39,  '312',  NULL);
INSERT INTO nip_report.third_party (institution_id,  third_party_code,  settlement_bank) 
	VALUES (40,  '313',  2);
INSERT INTO nip_report.third_party (institution_id,  third_party_code,  settlement_bank) 
	VALUES (41,  '314',  17);
INSERT INTO nip_report.third_party (institution_id,  third_party_code,  settlement_bank) 
	VALUES (42,  '315',  12);
INSERT INTO nip_report.third_party (institution_id,  third_party_code,  settlement_bank) 
	VALUES (43,  '316',  NULL);
INSERT INTO nip_report.third_party (institution_id,  third_party_code,  settlement_bank) 
	VALUES (44,  '317', 17);
INSERT INTO nip_report.third_party (institution_id,  third_party_code,  settlement_bank) 
	VALUES (45,  '401',  8);
INSERT INTO nip_report.third_party (institution_id,  third_party_code,  settlement_bank) 
	VALUES (46,  '319',  21);
INSERT INTO nip_report.third_party (institution_id,  third_party_code,  settlement_bank) 
	VALUES (47,  '320',  17);
INSERT INTO nip_report.third_party (institution_id,  third_party_code,  settlement_bank) 
	VALUES (48,  '323',  2);
INSERT INTO nip_report.third_party (institution_id,  third_party_code,  settlement_bank) 
	VALUES (49,  '324',  8);
INSERT INTO nip_report.third_party (institution_id,  third_party_code,  settlement_bank) 
	VALUES (50,  '322',  25);
INSERT INTO nip_report.third_party (institution_id,  third_party_code,  settlement_bank) 
	VALUES (51,  '501',  8);
INSERT INTO nip_report.third_party (institution_id,  third_party_code,  settlement_bank) 
	VALUES (52,  '318', 8);
INSERT INTO nip_report.third_party (institution_id,  third_party_code,  settlement_bank) 
	VALUES (53,  '402',  20);
INSERT INTO nip_report.third_party (institution_id,  third_party_code,  settlement_bank) 
	VALUES (54,  '325',  2);
INSERT INTO nip_report.third_party (institution_id,  third_party_code,  settlement_bank) 
	VALUES (55,  '502',  20);

/**branches**/
INSERT INTO branch (`branch_id`,`branch_code`,`branch_name`,`created_date`,`flag`,`location`,`institution`) 
	VALUES (1, '999', 'NIBSS', '2015-03-25 00:41:19', 'E','Plot 1230, Ahmadu Bello Way',1);
INSERT INTO branch (`branch_id`,`branch_code`,`branch_name`,`created_date`,`flag`,`location`,`institution`) 
	VALUES (2, '044', 'ACCESS BANK PLC', '2015-03-25 00:41:19', 'E', 'ACCESS BANK PLC',2);
INSERT INTO branch (`branch_id`,`branch_code`,`branch_name`,`created_date`,`flag`,`location`,`institution`) 
	VALUES (3, '014', 'MAINSTREET BANK PLC', '2015-03-25 00:41:19', 'E', 'MAINSTREET BANK PLC',3);
INSERT INTO branch (`branch_id`,`branch_code`,`branch_name`,`created_date`,`flag`,`location`,`institution`) 
	VALUES (4, '082', 'KEYSTONE BANK PLC', '2015-03-25 00:41:19', 'E', 'KEYSTONE BANK PLC',4);
INSERT INTO branch (`branch_id`,`branch_code`,`branch_name`,`created_date`,`flag`,`location`,`institution`) 
	VALUES (5, '063', 'DIAMOND BANK PLC', '2015-03-25 00:41:19', 'E', 'DIAMOND BANK PLC',5);
INSERT INTO branch (`branch_id`,`branch_code`,`branch_name`,`created_date`,`flag`,`location`,`institution`) 
	VALUES (6, '050', 'ECOBANK NIGERIA PLC', '2015-03-25 00:41:19', 'E', 'ECOBANK NIGERIA PLC',6);
INSERT INTO branch (`branch_id`,`branch_code`,`branch_name`,`created_date`,`flag`,`location`,`institution`) 
	VALUES (7, '040', 'EQUITORIAL TRUST BANK LIMITED', '2015-03-25 00:41:19', 'E', 'EQUITORIAL TRUST BANK LIMITED',7);
INSERT INTO branch (`branch_id`,`branch_code`,`branch_name`,`created_date`,`flag`,`location`,`institution`) 
	VALUES (8, '070', 'FIDELITY BANK PLC', '2015-03-25 00:41:19', 'E', 'FIDELITY BANK PLC',8);
INSERT INTO branch (`branch_id`,`branch_code`,`branch_name`,`created_date`,`flag`,`location`,`institution`) 
	VALUES (9, '011', 'FIRST BANK OF NIGERIA PLC', '2015-03-25 00:41:19', 'E', 'FIRST BANK OF NIGERIA PLC',9);
INSERT INTO branch (`branch_id`,`branch_code`,`branch_name`,`created_date`,`flag`,`location`,`institution`) 
	VALUES (10, '214', 'FIRST CITY MONUMENT BANK PLC', '2015-03-25 00:41:19', 'E', 'FIRST CITY MONUMENT BANK PLC',10);
INSERT INTO branch (`branch_id`,`branch_code`,`branch_name`,`created_date`,`flag`,`location`,`institution`) 
	VALUES (11, '085', 'FIRST INLAND BANK PLC', '2015-03-25 00:41:19', 'E', 'FIRST INLAND BANK PLC',11);
INSERT INTO branch (`branch_id`,`branch_code`,`branch_name`,`created_date`,`flag`,`location`,`institution`) 
	VALUES (12, '058', 'GUARANTY TRUST BANK PLC', '2015-03-25 00:41:19', 'E', 'GUARANTY TRUST BANK PLC',12);
INSERT INTO branch (`branch_id`,`branch_code`,`branch_name`,`created_date`,`flag`,`location`,`institution`) 
	VALUES (13, '221', 'STANBIC IBTC BANK PLC', '2015-03-25 00:41:19', 'E', 'STANBIC IBTC BANK PLC',13);
INSERT INTO branch (`branch_id`,`branch_code`,`branch_name`,`created_date`,`flag`,`location`,`institution`) 
	VALUES (14, '069', 'INTERCONTINENTAL BANK PLC', '2015-03-25 00:41:19', 'E', 'INTERCONTINENTAL BANK PLC',14);
INSERT INTO branch (`branch_id`,`branch_code`,`branch_name`,`created_date`,`flag`,`location`,`institution`) 
	VALUES (15, '023', 'CITI BANK', '2015-03-25 00:41:19', 'E', 'CITI BANK',15);
INSERT INTO branch (`branch_id`,`branch_code`,`branch_name`,`created_date`,`flag`,`location`,`institution`) 
	VALUES (16, '056', 'OCEANIC BANK INTERNATIONAL PLC', '2015-03-25 00:41:19', 'E', 'OCEANIC BANK INTERNATIONAL PLC',16);
INSERT INTO branch (`branch_id`,`branch_code`,`branch_name`,`created_date`,`flag`,`location`,`institution`) 
	VALUES (17, '076', 'SKYE BANK PLC', '2015-03-25 00:41:19', 'E', 'SKYE BANK PLC',17);
INSERT INTO branch (`branch_id`,`branch_code`,`branch_name`,`created_date`,`flag`,`location`,`institution`) 
	VALUES (18, '084', 'ENTERPRISE BANK PLC', '2015-03-25 00:41:19', 'E', 'ENTERPRISE BANK PLC',18);
INSERT INTO branch (`branch_id`,`branch_code`,`branch_name`,`created_date`,`flag`,`location`,`institution`) 
	VALUES (19, '068', 'STANDARD CHARTERED BANK PLC', '2015-03-25 00:41:19', 'E', 'STANDARD CHARTERED BANK PLC',19);
INSERT INTO branch (`branch_id`,`branch_code`,`branch_name`,`created_date`,`flag`,`location`,`institution`) 
	VALUES (20, '232', 'STERLING BANK PLC', '2015-03-25 00:41:19', 'E', 'STERLING BANK PLC',20);
INSERT INTO branch (`branch_id`,`branch_code`,`branch_name`,`created_date`,`flag`,`location`,`institution`) 
	VALUES (21, '032', 'UNION BANK OF NIGERIA PLC', '2015-03-25 00:41:19', 'E', 'UNION BANK OF NIGERIA PLC',21);
INSERT INTO branch (`branch_id`,`branch_code`,`branch_name`,`created_date`,`flag`,`location`,`institution`) 
	VALUES (22, '033', 'UNITED BANK FOR AFRICA PLC', '2015-03-25 00:41:19', 'E', 'UNITED BANK FOR AFRICA PLC',22);
INSERT INTO branch (`branch_id`,`branch_code`,`branch_name`,`created_date`,`flag`,`location`,`institution`) 
	VALUES (23, '215', 'UNITY BANK PLC', '2015-03-25 00:41:19', 'E', 'UNITY BANK PLC',23);
INSERT INTO branch (`branch_id`,`branch_code`,`branch_name`,`created_date`,`flag`,`location`,`institution`) 
	VALUES (24, '035', 'WEMA BANK PLC', '2015-03-25 00:41:19', 'E', 'WEMA BANK PLC',24);
INSERT INTO branch (`branch_id`,`branch_code`,`branch_name`,`created_date`,`flag`,`location`,`institution`) 
	VALUES (25, '057', 'ZENITH INTERNATIONAL BANK PLC', '2015-03-25 00:41:19', 'E', 'ZENITH INTERNATIONAL BANK PLC',25);
INSERT INTO branch (`branch_id`,`branch_code`,`branch_name`,`created_date`,`flag`,`location`,`institution`) 
	VALUES (26, '030', 'HERITAGE BANK', '2015-03-25 00:41:19', 'E', 'HERITAGE BANK',26);
INSERT INTO branch (`branch_id`,`branch_code`,`branch_name`,`created_date`,`flag`,`location`,`institution`) 
	VALUES (27, '233', 'JAIZ BANK', '2015-03-25 00:41:19', 'E', 'JAIZ BANK',27);


INSERT INTO branch (`branch_id`,`branch_name`,`flag`,`branch_code`,`created_date`,`location`,`institution`) 
	VALUES (28,'Pagatech', 'E', '301','2015-03-25 00:41:19', 'Pagatech', 28);
INSERT INTO branch (`branch_id`,`branch_name`,`flag`,`branch_code`,`created_date`,`location`,`institution`) 
	VALUES (29,'Eartholeum (Qik Qik)', 'E', '302','2015-03-25 00:41:19', 'Eartholeum (Qik Qik)', 29);
INSERT INTO branch (`branch_id`,`branch_name`,`flag`,`branch_code`,`created_date`,`location`,`institution`) 
	VALUES (30,'Kegow', 'E', '303','2015-03-25 00:41:19', 'Kegow', 30);
INSERT INTO branch (`branch_id`,`branch_name`,`flag`,`branch_code`,`created_date`,`location`,`institution`) 
	VALUES (31,'Stanbic Mobile', 'E', '304','2015-03-25 00:41:19', '', 31);
INSERT INTO branch (`branch_id`,`branch_name`,`flag`,`branch_code`,`created_date`,`location`,`institution`) 
	VALUES (32,'Paycom', 'E', '305','2015-03-25 00:41:19', 'Paycom', 32);
INSERT INTO branch (`branch_id`,`branch_name`,`flag`,`branch_code`,`created_date`,`location`,`institution`) 
	VALUES (33,'E-Tranzact', 'E', '306','2015-03-25 00:41:19', 'E-Tranzact', 33);
INSERT INTO branch (`branch_id`,`branch_name`,`flag`,`branch_code`,`created_date`,`location`,`institution`) 
	VALUES (34,'EcoMobile', 'E', '307','2015-03-25 00:41:19', 'EcoMobile', 34);
INSERT INTO branch (`branch_id`,`branch_name`,`flag`,`branch_code`,`created_date`,`location`,`institution`) 
	VALUES (35,'Fortis Mobile', 'E', '308','2015-03-25 00:41:19', 'Fortis Mobile', 35);
INSERT INTO branch (`branch_id`,`branch_name`,`flag`,`branch_code`,`created_date`,`location`,`institution`) 
	VALUES (36,'FBN M-money', 'E', '309','2015-03-25 00:41:19', 'FBN M-money', 36);
INSERT INTO branch (`branch_id`,`branch_name`,`flag`,`branch_code`,`created_date`,`location`,`institution`) 
	VALUES (37,'Corporetti', 'E', '310','2015-03-25 00:41:19', 'Corporetti', 37);
INSERT INTO branch (`branch_id`,`branch_name`,`flag`,`branch_code`,`created_date`,`location`,`institution`) 
	VALUES (38,'Parkway (Ready Cash)', 'E', '311','2015-03-25 00:41:19', 'Parkway (Ready Cash)', 38);
INSERT INTO branch (`branch_id`,`branch_name`,`flag`,`branch_code`,`created_date`,`location`,`institution`) 
	VALUES (39,'Monetize', 'E', '312','2015-03-25 00:41:19', 'Monetize', 39);
INSERT INTO branch (`branch_id`,`branch_name`,`flag`,`branch_code`,`created_date`,`location`,`institution`) 
	VALUES (40,'M-Kudi', 'E', '313','2015-03-25 00:41:19', 'M-Kudi', 40);
INSERT INTO branch (`branch_id`,`branch_name`,`flag`,`branch_code`,`created_date`,`location`,`institution`) 
	VALUES (41,'Fets (My Wallet)', 'E', '314','2015-03-25 00:41:19', 'Fets (My Wallet)', 41);
INSERT INTO branch (`branch_id`,`branch_name`,`flag`,`branch_code`,`created_date`,`location`,`institution`) 
	VALUES (42,'GT Mobile Money', 'E', '315','2015-03-25 00:41:19', 'GT Mobile Money', 42);

INSERT INTO branch (`branch_id`,`branch_name`,`flag`,`branch_code`,`created_date`,`location`,`institution`) 
	VALUES (43,'U-MO', 'E', '316','2015-03-25 00:41:19', 'U-MO', 43);
INSERT INTO branch (`branch_id`,`branch_name`,`flag`,`branch_code`,`created_date`,`location`,`institution`) 
	VALUES (44,'Cellulant', 'E', '317','2015-03-25 00:41:19', 'Cellulant', 44);
INSERT INTO branch (`branch_id`,`branch_name`,`flag`,`branch_code`,`created_date`,`location`,`institution`) 
	VALUES (45,'ASO Savings And Loans', 'E', '401','2015-03-25 00:41:19', 'ASO Savings And Loans', 45);
INSERT INTO branch (`branch_id`,`branch_name`,`flag`,`branch_code`,`created_date`,`location`,`institution`) 
	VALUES (46,'Teasy Mobile', 'E', '319','2015-03-25 00:41:19', 'Teasy Mobile', 46);
INSERT INTO branch (`branch_id`,`branch_name`,`flag`,`branch_code`,`created_date`,`location`,`institution`) 
	VALUES (47,'VTNetwork', 'E', '320','2015-03-25 00:41:19', 'VTNetwork', 47);
INSERT INTO branch (`branch_id`,`branch_name`,`flag`,`branch_code`,`created_date`,`location`,`institution`) 
	VALUES (48,'AccessMobile', 'E', '323','2015-03-25 00:41:19', 'AccessMobile', 48);
INSERT INTO branch (`branch_id`,`branch_name`,`flag`,`branch_code`,`created_date`,`location`,`institution`) 
	VALUES (49,'Hedonmark', 'E', '324','2015-03-25 00:41:19', 'Hedonmark', 49);
INSERT INTO branch (`branch_id`,`branch_name`,`flag`,`branch_code`,`created_date`,`location`,`institution`) 
	VALUES (50,'Zenith Mobile', 'E', '322','2015-03-25 00:41:19', 'Zenith Mobile', 50);
INSERT INTO branch (`branch_id`,`branch_name`,`flag`,`branch_code`,`created_date`,`location`,`institution`) 
	VALUES (51,'Fortis Microfinance Bank', 'E', '501','2015-03-25 00:41:19', 'Fortis Microfinance Bank', 51);
INSERT INTO branch (`branch_id`,`branch_name`,`flag`,`branch_code`,`created_date`,`location`,`institution`) 
	VALUES (52,'Fidelity Mobile', 'E', '318','2015-03-25 00:41:19', 'Fidelity Mobile', 52);
INSERT INTO branch (`branch_id`,`branch_name`,`flag`,`branch_code`,`created_date`,`location`,`institution`) 
	VALUES (53,'Jubilee Life', 'E', '402','2015-03-25 00:41:19', 'Jubilee Life', 53);
INSERT INTO branch (`branch_id`,`branch_name`,`flag`,`branch_code`,`created_date`,`location`,`institution`) 
	VALUES (54,'Moneybox', 'E', '325','2015-03-25 00:41:19', 'Moneybox', 54);
INSERT INTO branch (`branch_id`,`branch_name`,`flag`,`branch_code`,`created_date`,`location`,`institution`) 
	VALUES (55,'Parrallex', 'E', '502','2015-03-25 00:41:19', 'Parrallex', 55);
/***/

INSERT INTO `role` (`role_id`,`flag`,`role_name`,`description`,`institution_type`,`parent_role_id`) VALUES
 (1,'E','list-institution','Institution',1,NULL),
 (2,'E','create-institution','Create Institution',1,1),
 (3,'E','edit-institution','Edit Institution',1,1),
 (4,'E','delete-institution','Delete Institution',1,1),
 
 (5,'E','list-branch','Branch',NULL,NULL),
 (6,'E','create-branch','Create Branch',NULL,5),
 (7,'E','edit-branch','Edit Branch',NULL,5),
 (8,'E','delete-branch','Delete Branch',NULL,5),
 
 (9,'E','list-user-role','View User Role',1,NULL),
 (10,'E','create-user-role','Create User Role',1,9),
 (11,'E','edit-user-role','Edit User Role',1,9),
 (12,'E','delete-user-role','Delete User Role',1,9),
 
 (13,'E','list-user','User',NULL,NULL),
 (14,'E','create-user','Create User',NULL,13),
 (15,'E','edit-user','Edit',NULL,13),
 (16,'E','delete-user','Delete',NULL,13),
 
 (17,'E','list-transaction','Transaction',NULL,NULL),
 (18,'E','list-transaction-report','Transaction Report',NULL,NULL),
 (19,'E','list-transaction-report-batch','Session Management',NULL,NULL),
 (20,'E','list-activity-log','Activity Log',NULL,NULL),
 (21,'E','settings','Settings',1,NULL),
(22,'E','list-smartdet','Smartdet Management',NULL,NULL);

INSERT INTO `status` (`status_id`,`description`,`status_type`,`status_code`) VALUES
(1,'Login','A',1),
(2,'Logout','A',2),
(3,'Create','A',3),
(4,'Edit','A',4),
(5,'Delete','A',5),
(6,'Open','A',6),
(7,'Close','A',7);


INSERT INTO `user_role` (`user_role_id`,`flag`,`role_config` ,`user_role_name` ,`institution_type`,`admin_flag`) VALUES 
(1,'E','1,2,3,4,5,6,7,8,9,10,11,12,13,14,15,16,17,18,19,20','NIBSS ADMIN',1,'T'),
(2,'E','5,6,7,8,13,14,15,16,17,18,19,20','BANK ADMIN',2,'T'),
(3,'E','5,6,7,8,13,14,15,16,17,18,19,20','BANK USER',2,NULL),
(4,'E','5,6,7,8,13,14,15,16,17,18,19,20','THIRDPARTY ADMIN',3,'T'),
(5,'E','5,6,7,8,13,14,15,16,17,18,19,20','THIRDPARTY USER',3,NULL);


INSERT INTO `user_identity` (`user_id`,`access_count`,`created_by`,`created_date`,`email`,`first_accessed_date`,`first_name`,
`flag`,`last_accessed_date`,`last_name`,`last_password_change_date`,`password`,`branch`,`user_role`) VALUES 
(1,0,NULL,'2014-02-25 00:41:19','seun.ogunjimi@gmail.com',NULL,'ADMIN','E',NULL,'NIBSS',NULL,'/VlEFP+mbWYQm4et+sSNtQ==',1,1);

INSERT INTO transaction_report_type (`DESCRIPTION`, `report_type_code`,`report_type_name`,`group_type`,`flag`) 
	VALUES ('Destination (Inward) Bank Report', 1,'inwards report','S','E');
INSERT INTO transaction_report_type (`DESCRIPTION`, `report_type_code`,`report_type_name`,`group_type`,`flag`) 
	VALUES ('Source (Outward) Bank Report', 2,'outwards report','S','E');
INSERT INTO transaction_report_type (`DESCRIPTION`, `report_type_code`,`report_type_name`,`group_type`,`flag`) 
	VALUES ('Inwards Successful', 3,'inwards successful','S','E');
INSERT INTO transaction_report_type (`DESCRIPTION`, `report_type_code`,`report_type_name`,`group_type`,`flag`) 
	VALUES ('Outwards Successful', 4,'outwards successful','S','E');
INSERT INTO transaction_report_type (`DESCRIPTION`, `report_type_code`,`report_type_name`,`group_type`,`flag`) 
	VALUES ('Inwards Unsuccessful', 5,'inwards unsuccessful','S','E');
INSERT INTO transaction_report_type (`DESCRIPTION`, `report_type_code`,`report_type_name`,`group_type`,`flag`) 
	VALUES ('Outwards Unsuccessful', 6,'outwards unsuccessful','S','E');
INSERT INTO transaction_report_type (`DESCRIPTION`, `report_type_code`,`report_type_name`,`group_type`,`flag`) 
	VALUES ('Transaction Queue (Inwards)', 7,'inwards txnlog','S','E');
INSERT INTO transaction_report_type (`DESCRIPTION`, `report_type_code`,`report_type_name`,`group_type`,`flag`) 
	VALUES ('Transaction Queue (Outwards)', 8,'outwards txnlog','S','E');
INSERT INTO transaction_report_type (`DESCRIPTION`, `report_type_code`,`report_type_name`,`group_type`,`flag`) 
	VALUES ('Daily Activity Report', 9,'daily activity','S','E');
INSERT INTO transaction_report_type (`DESCRIPTION`, `report_type_code`,`report_type_name`,`group_type`,`flag`) 
	VALUES ('Settlement Report', 10,'settlement','B','E');
INSERT INTO transaction_report_type (`DESCRIPTION`, `report_type_code`,`report_type_name`,`group_type`,`flag`) 
	VALUES ('Billing Report', 11,'billing','B','E');


INSERT INTO channel (`CHANNEL_Code`, `description`) 
	VALUES ('1', 'BANK TELLER');
INSERT INTO channel (`CHANNEL_Code`, `description`) 
	VALUES ('2', 'INTERNET BANKING');
INSERT INTO channel (`CHANNEL_Code`, `description`) 
	VALUES ('3', 'MOBILE PHONE');
INSERT INTO channel (`CHANNEL_Code`, `description`) 
	VALUES ('4', 'POS TERMINALS');
INSERT INTO channel (`CHANNEL_Code`, `description`) 
	VALUES ('5', 'ATM');
INSERT INTO channel (`CHANNEL_Code`, `description`) 
	VALUES ('6', 'VENDOR MERCHANT WEB PORTAL');
INSERT INTO channel (`CHANNEL_Code`, `description`) 
	VALUES ('7', 'THIRD-PARTY PAYMENT PLATFORM');
INSERT INTO channel (`CHANNEL_Code`, `description`) 
	VALUES ('8', 'ABC UNIT');


INSERT INTO transaction_response (`RESPONSE_CODE`, `description`) 
	VALUES ('00', 'Approved or Completed Successfully');
INSERT INTO transaction_response (`RESPONSE_CODE`, `description`) 
	VALUES ('03', 'Invalid Sender');
INSERT INTO transaction_response (`RESPONSE_CODE`, `description`) 
	VALUES ('05', 'Do not honor');
INSERT INTO transaction_response (`RESPONSE_CODE`, `description`) 
	VALUES ('06', 'Dormant Account');
INSERT INTO transaction_response (`RESPONSE_CODE`, `description`) 
	VALUES ('07', 'Invalid Account');
INSERT INTO transaction_response (`RESPONSE_CODE`, `description`) 
	VALUES ('08', 'Account Name Mismatch');
INSERT INTO transaction_response (`RESPONSE_CODE`, `description`) 
	VALUES ('09', 'Request Processing In Progress');
INSERT INTO transaction_response (`RESPONSE_CODE`, `description`) 
	VALUES ('12', 'Invalid Transaction');
INSERT INTO transaction_response (`RESPONSE_CODE`, `description`) 
	VALUES ('13', 'Invalid Amount');

INSERT INTO transaction_response (`RESPONSE_CODE`, `description`) 
	VALUES ('14', 'invalid Batch Number');
INSERT INTO transaction_response (`RESPONSE_CODE`, `description`) 
	VALUES ('15', 'Invalid Session ID');
INSERT INTO transaction_response (`RESPONSE_CODE`, `description`) 
	VALUES ('16', 'Invalid Bank Code');
INSERT INTO transaction_response (`RESPONSE_CODE`, `description`) 
	VALUES ('17', 'invalid Channel');
INSERT INTO transaction_response (`RESPONSE_CODE`, `description`) 
	VALUES ('18', 'Wrong Method Call');
INSERT INTO transaction_response (`RESPONSE_CODE`, `description`) 
	VALUES ('21', 'No Action Taken');
INSERT INTO transaction_response (`RESPONSE_CODE`, `description`) 
	VALUES ('25', 'Unable To Locate Record');
INSERT INTO transaction_response (`RESPONSE_CODE`, `description`) 
	VALUES ('26', 'Duplicate Record');
INSERT INTO transaction_response (`RESPONSE_CODE`, `description`) 
	VALUES ('30', 'Format Error');
INSERT INTO transaction_response (`RESPONSE_CODE`, `description`) 
	VALUES ('34', 'Suspected Error');
INSERT INTO transaction_response (`RESPONSE_CODE`, `description`) 
	VALUES ('35', 'Contact Sending Bank');
INSERT INTO transaction_response (`RESPONSE_CODE`, `description`) 
	VALUES ('51', 'No Sufficient Funds');
INSERT INTO transaction_response (`RESPONSE_CODE`, `description`) 
	VALUES ('57', 'Transaction Not Permitted To Sender');
INSERT INTO transaction_response (`RESPONSE_CODE`, `description`) 
	VALUES ('58', 'Transaction Not Permitted On Channel');
INSERT INTO transaction_response (`RESPONSE_CODE`, `description`) 
	VALUES ('61', 'Transfer Limit Exceeded');
INSERT INTO transaction_response (`RESPONSE_CODE`, `description`) 
	VALUES ('63', 'Security Violation');
INSERT INTO transaction_response (`RESPONSE_CODE`, `description`) 
	VALUES ('65', 'Exceeds Withdrawal Frequency');
INSERT INTO transaction_response (`RESPONSE_CODE`, `description`) 
	VALUES ('68', 'Response Received Too Late');
INSERT INTO transaction_response (`RESPONSE_CODE`, `description`) 
	VALUES ('91', 'Beneficiary Bank Not Available');
INSERT INTO transaction_response (`RESPONSE_CODE`, `description`) 
	VALUES ('92', 'Routing Error');
INSERT INTO transaction_response (`RESPONSE_CODE`, `description`) 
	VALUES ('94', 'Duplicate Transaction');
INSERT INTO transaction_response (`RESPONSE_CODE`, `description`) 
	VALUES ('96', 'System Malfunction');
INSERT INTO transaction_response (`RESPONSE_CODE`, `description`) 
	VALUES ('97', 'Timeout waiting for response from Destination');


INSERT INTO nip_report.transaction_type (description, transaction_type_code) 
	VALUES ('NIP', 1);
INSERT INTO nip_report.transaction_type (description, transaction_type_code) 
	VALUES ('THIRDPARTY', 2);
INSERT INTO nip_report.transaction_type (description, transaction_type_code) 
	VALUES ('EBILLSPAY', 3);
INSERT INTO nip_report.transaction_type (description, transaction_type_code) 
	VALUES ('EBTS', 4);
INSERT INTO nip_report.transaction_type (description, transaction_type_code) 
	VALUES ('NIP REVERSAL', 5);
INSERT INTO nip_report.transaction_type (description, transaction_type_code) 
	VALUES ('NIP DISPUTE', 6);
